field_name,table_name,field_desc,field_type,primary_key
authorship_contributors_check,Publications,Checks for discrepancies between the number of contributors and the number of authorship items,number,FALSE
identifier,Publications,"A persistent identifier in the form of a  URI that resolves to the research output (DOI, ISBN, URN) http://purl.org/dc/terms/identifier",url,FALSE
source,Publications,Where was the material retrieved from?,singleSelect,FALSE
authorship,Publications,Fits into one of 14 roles in the CREDIT Taxonomy. https://credit.niso.org/,singleLineText,FALSE
cleaned_name,Authorship,Expanded or removed abbreviated first names,singleLineText,FALSE
institution_country_code_from_institution_id_from_authorship,Contributors,Iso2 country abbreviation,singleLineText,FALSE
p_gf,Contributors,Probability from 0-1 gendered female based on name; generated by nomquamgender.,number,FALSE
contributor_id,Authorship,Automatically generated unique id for a contributor.,singleLineText,FALSE
open_alex_id,Contributors,Identifier provided by open alex for a contributor.,singleLineText,FALSE
publication,Authorship,Publication title,singleLineText,FALSE
data_management_plan_id_from_project,Publications,Persistent Identifier for the data management plan for a given project ,singleLineText,FALSE
nqg_classification,Contributors,gender classification of contributor based on p_gf value generated by nomquamgender algorithm.,singleLineText,FALSE
authorship_id,Authorship,Unique identifier for an authorship,number,TRUE
created,Description,http://purl.org/dc/terms/created,singleLineText,FALSE
resource_type_from_publication,Authorship,Genre of an output https://vocabularies.coar-repositories.org/resource_types/ ,multipleSelects,FALSE
orcid,Contributors,Unique identifier provided by Open Researcher and Contributor ID (ORCID) for a contributor. ,singleLineText,FALSE
resource_type_from_research_outputs,Contributors,"Genre of an output. With the exception of peer reviewed letters which we reclassified as a journal articles, we used the following terms: https://vocabularies.coar-repositories.org/resource_types/ ",multipleSelects,FALSE
creator,Description,http://purl.org/dc/terms/creator,singleLineText,FALSE
recommended_staff_for_follow_up,Contributors,Individual at EcoHealth who may know the contributor's gender.,multipleSelects,FALSE
publication_date,Publications,Date resource became available to target audience,date,FALSE
institution_country_code_from_institution_id,Authorship,Two letter country code (ISO 3166-1 alpha-2) of an institution,singleLineText,FALSE
sources_used,Contributors,Sources used for manually determining pronouns of researcher,multipleSelects,FALSE
pronouns,Contributors,"Pronouns used by the author to describe themselves, or used by others to describe the author",multipleSelects,FALSE
identifier,Description,http://purl.org/dc/terms/identifier,singleLineText,FALSE
title,Description,http://purl.org/dc/terms/title,singleLineText,TRUE
country_of_study,Publications,Country where study took place. Name is written in long form.,multipleSelects,FALSE
accessibility,Publications,access status of a resource https://vocabularies.coar-repositories.org/access_rights/,singleSelect,FALSE
institution_display_name_from_institution_id_from_authorship,Contributors,Name of institution,singleLineText,FALSE
institution_id,Institution,ROR (Research Organization Registry) ID or randomly generated identifier for an organization,singleLineText,TRUE
contributor,Description,http://purl.org/dc/terms/contributor,singleLineText,FALSE
id,Contributors,Automatically generated unique id for a contributor.,number,TRUE
name,Authorship,Author name,singleLineText,FALSE
open_alex_institutional_id,Institution,OpenAlex (https://openalex.org/) institutional ID,singleLineText,FALSE
pronoun_source_final,Contributors,Classifies different source types into either Online information or Professional interaction. ,formula,FALSE
name,Contributors,Name of contributor,singleLineText,FALSE
identifier_from_research_outputs,Contributors,"A persistent identifier in the form of a  URL that resolves to the research output (DOI, ISBN, URN) http://purl.org/dc/terms/identifier",singleLineText,FALSE
publication_link,Authorship,"A persistent identifier in the form of a  URL that resolves to the research output (DOI, ISBN, URN) http://purl.org/dc/terms/identifier",singleLineText,FALSE
authorship,Institution,Comma separated list of authorship IDs associated with an institution,singleLineText,FALSE
keywords,Publications,tags to quickly identify and categorize the work. Preference for MeSH terms:  https://www.ncbi.nlm.nih.gov/mesh,multipleSelects,FALSE
publication_date,Contributors,Date resource became available to target audience,singleLineText,FALSE
status,Publications,Sharing status for the output ,singleSelect,FALSE
license,Description,http://purl.org/dc/terms/license,singleLineText,FALSE
cleaned_name,Contributors,Expanded or removed abbreviated first names,singleLineText,FALSE
source_ur_ls,Contributors,Comma separated list of source URLs for determining pronouns,multilineText,FALSE
name,Publications,Name of research output ,singleLineText,TRUE
email,Description,NA,singleLineText,FALSE
institution_id,Authorship,ROR (Research Organization Registry) ID or other unique identifier for an institution,singleLineText,FALSE
google_scholar_id,Contributors,Unique identifier supplied by google to researchers. ,singleLineText,FALSE
authorship_position,Authorship,"Position within the list of authors of a research output. Either first, middle, or last",singleSelect,FALSE
contributors,Publications,An entity responsible for making contributions to the resource. https://www.dublincore.org/specifications/dublin-core/dcmi-terms/elements11/contributor/,singleLineText,FALSE
count_authorship,Publications,Number of authorship items associated with work,number,FALSE
authorship_position_number,Authorship,Numeric position within the list of authors of a research output,number,FALSE
resource_type,Publications,"Genre of an output. With the exception of peer reviewed letters which we reclassified as a journal articles, we used the following terms: https://vocabularies.coar-repositories.org/resource_types/ ",multipleSelects,FALSE
institution_id_from_authorship,Contributors,ROR (Research Organization Registry) ID or randomly generated identifier for an organization,singleLineText,FALSE
authorship_position_from_authorship,Contributors,"Position within the list of authors of a research output. Either first, middle, or last",multipleSelects,FALSE
publication_date_from_research_outputs,Authorship,Publication date in YYYY-MM-DD format,singleLineText,FALSE
count_contributors,Publications,Number of contributor items associated with work,number,FALSE
institution_country_code,Institution,Two letter country code (ISO 3166-1 alpha-2) of an institution,singleLineText,FALSE
authorship_2,Contributors,authorship items associated with that contributor.,singleLineText,FALSE
research_outputs,Contributors,Research outputs associated with a contributor,singleLineText,FALSE
ultimate_name,Contributors,Name used to unify duplicate records.,singleLineText,FALSE
within_analysis_timeframe_from_publication,Authorship,Logical value. Was this item published between 01 Jan 2011 to Dec 31 2022,singleLineText,FALSE
in_analysis_timeframe_from_research_outputs_3,Contributors,Logical value. Was this item published between 01 Jan 2011 to Dec 31 2022,singleLineText,FALSE
reviewer,Contributors,Person who reviewed a contributor record,singleCollaborator,FALSE
screenshots,Contributors,Screenshots of material supporting pronoun determination,multipleAttachments,FALSE
record_id,Contributors,id issued by airtable for this record,multilineText,FALSE
gender_based_on_pronouns,Contributors,"Gender classified into distinct categories: non-binary/gender non-conforming, gender female, gender male",formula,FALSE
description,Description,http://purl.org/dc/terms/description,singleLineText,FALSE
institution_display_name,Institution,Name for an institution,singleLineText,FALSE
primary_contact,Description,NA,singleLineText,FALSE